
ayende = Ayende Rahien <ayende@ayende.com>
chadh = Chad Humphries <chad.humphries@gmail.com>
chriso = chris Ortman <chrisortman@gmail.com>
cneuwirt = Craig Neuwirt <cneuwirt@gmail.com>
dan = Dan <dan@dan.com>
daveg = Dave Godfrey <dave_godfrey@hotmail.com>
dru = Dru Sellers <dru@drusellers.com>
enix = Ernst Naezer <ernstnaezer@gmail.com>
fabian.schmied = Fabian Schmied <fabian.schmied@gmail.com>
fabiob = Fábio Batista <fabio.david.batista@gmail.com>
gilles = Gilles Bayon <gilles.bayon@gmail.com>
hammett = Hamilton Verissimo <hammett@gmail.com>
henry = Henry Conceição <henry.conceicao@gmail.com>
johnm = John Morales <jmorales@gmail.com>
jonathon.rossi = Jonathon Rossi <jono@jonorossi.com>
josh.robb = Josh Robb <josh_robb@fastmail.fm>
ken.egozi = Ken Egozi <mail@kenegozi.com>
kevin = Kevin Williams <kevin@bantamtech.com>
kevinw = Kevin Williams <kevin@bantamtech.com>
lee.m.henson = Lee Henson <lee.m.henson@gmail.com>
mausch = Mauricio Scheffer <mauricioscheffer@gmail.com>
mikeg = Mike <mikeg@mikeg.com>
mzywitza = Markus Zywitza <markus.zywitza@gmail.com>
rbellamy = G. Richard Bellamy <rbellamy@pteradigm.com>
richardb = G. Richard Bellamy <rbellamy@pteradigm.com>
roelofb = Roelof Blom <roelof.blom@gmail.com>
tatham = Tatham Oddie <tatham.oddie@fueladvance.com>
tehlike = Tuna Toksoz <tehlike@gmail.com>
xtoff = Krzysztof Koźmic <krzysztof@kozmic.pl>
(no author) = nobody <nobody@nobody.com>
johnsimons = John Simons <johnsimons007@yahoo.com.au>